Row,ID,Name,LongName,Parent,Component,Path,Line,Column,EndLine,EndColumn,CC,CCL,CCO,CI,CLC,CLLC,LDC,LLDC,LCOM5,NL,NLE,WMC,CBO,CBOI,NII,NOI,RFC,AD,CD,CLOC,DLOC,PDA,PUA,TCD,TCLOC,DIT,NOA,NOC,NOD,NOP,LLOC,LOC,NA,NG,NLA,NLG,NLM,NLPA,NLPM,NLS,NM,NOS,NPA,NPM,NS,TLLOC,TLOC,TNA,TNG,TNLA,TNLG,TNLM,TNLPA,TNLPM,TNLS,TNM,TNOS,TNPA,TNPM,TNS,WarningBlocker,WarningCritical,WarningInfo,WarningMajor,WarningMinor,Android Rules,Basic Rules,Brace Rules,Clone Implementation Rules,Clone Metric Rules,Code Size Rules,Cohesion Metric Rules,Comment Rules,Complexity Metric Rules,Controversial Rules,Coupling Metric Rules,Coupling Rules,Design Rules,Documentation Metric Rules,Empty Code Rules,Finalizer Rules,Import Statement Rules,Inheritance Metric Rules,J2EE Rules,JUnit Rules,Jakarta Commons Logging Rules,Java Logging Rules,JavaBean Rules,MigratingToJUnit4 Rules,Migration Rules,Migration13 Rules,Migration14 Rules,Migration15 Rules,Naming Rules,Optimization Rules,Security Code Guideline Rules,Size Metric Rules,Strict Exception Rules,String and StringBuffer Rules,Type Resolution Rules,Unnecessary and Unused Code Rules,PredictedTsDDTestability
0,L978,DAWN,simulator.DAWN,L104,L103,D:\IdeaProjects\10_water-simulator\src\main\java\simulator\DAWN.java,19,1,58,2,0.0,0,0,0,0.0,,0,0,1,1,1,3,0,3,0,0,1,0.5,0.342105,13,8,1,1,0.342105,13,0,0,0,0,0,25,40,3,0,3,0,1,2,1,0,1,13,2,1,0,25,40,3,0,3,0,1,2,1,0,1,13,2,1,0,0,0,7,2,5,0,0,0,0,0,0,0,0,0,0,0,0,1,3,0,0,0,0,0,0,1,4,0,0,0,0,0,0,1,0,0,4,0,0,0,0,0.30209770421631416
1,L122,BehaviourContactNeighbours,simulator.CA.BehaviourContactNeighbours,L113,L103,D:\IdeaProjects\10_water-simulator\src\main\java\simulator\CA\BehaviourContactNeighbours.java,28,1,130,2,0.0,0,0,0,0.0,,0,0,2,1,1,15,6,1,1,7,19,0.5,0.209302,18,14,1,1,0.209302,18,1,1,0,0,1,68,103,8,0,4,0,12,0,1,0,12,33,4,1,0,68,103,8,0,4,0,12,0,1,0,12,33,4,1,0,0,0,24,8,10,0,0,0,0,0,0,1,0,0,0,0,0,4,21,0,0,0,0,0,0,8,1,0,0,0,0,0,0,0,1,1,2,0,0,3,0,0.43718471560327615
2,L233,BehaviourLaunchGUI,simulator.CA.BehaviourLaunchGUI,L113,L103,D:\IdeaProjects\10_water-simulator\src\main\java\simulator\CA\BehaviourLaunchGUI.java,25,1,68,2,0.0,0,0,0,0.0,,0,0,1,4,4,8,2,1,1,0,2,1.0,0.304348,14,9,3,0,0.304348,14,0,0,0,0,0,32,44,4,0,4,0,2,0,2,0,2,17,0,2,0,32,44,4,0,4,0,2,0,2,0,2,17,0,2,0,0,0,6,2,6,0,0,1,0,0,0,0,0,2,0,0,0,3,4,0,0,0,0,0,0,2,1,0,0,0,0,0,0,0,0,0,0,1,0,0,0,0.24172226554304624
3,L261,BehaviourReceivePriceAndMetData,simulator.CA.BehaviourReceivePriceAndMetData,L113,L103,D:\IdeaProjects\10_water-simulator\src\main\java\simulator\CA\BehaviourReceivePriceAndMetData.java,31,1,85,4,0.0,0,0,0,0.0,,0,0,1,4,4,7,4,1,1,3,5,0.666667,0.280702,16,10,2,1,0.280702,16,1,1,0,0,1,41,55,7,0,3,0,2,0,2,0,2,21,4,2,0,41,55,7,0,3,0,2,0,2,0,2,21,4,2,0,0,0,9,1,5,0,0,1,0,0,0,0,0,2,0,0,0,2,5,0,0,0,0,0,0,2,1,0,0,0,0,0,0,0,0,0,2,0,0,0,0,0.27557469841044285
4,L289,BehaviourReceiveSavePersonalDataRequest,simulator.CA.BehaviourReceiveSavePersonalDataRequest,L113,L103,D:\IdeaProjects\10_water-simulator\src\main\java\simulator\CA\BehaviourReceiveSavePersonalDataRequest.java,29,1,73,2,0.0,0,0,0,0.0,,0,0,1,4,4,8,3,1,1,2,4,1.0,0.255319,12,8,3,0,0.255319,12,0,0,0,0,0,35,45,4,0,4,0,2,0,2,0,2,20,0,2,0,35,45,4,0,4,0,2,0,2,0,2,20,0,2,0,0,0,6,1,5,0,0,1,0,0,0,0,0,2,0,0,0,3,4,0,0,0,0,0,0,0,1,0,0,0,0,0,0,0,0,0,0,1,0,0,0,0.22612869821806011
5,L323,BehaviourReplyNeighbour,simulator.CA.BehaviourReplyNeighbour,L113,L103,D:\IdeaProjects\10_water-simulator\src\main\java\simulator\CA\BehaviourReplyNeighbour.java,27,1,111,2,0.0,0,0,0,0.0,,0,0,1,5,5,13,6,1,1,9,12,1.0,0.26506,22,9,3,0,0.26506,22,0,0,0,0,0,61,85,5,0,5,0,3,0,2,0,3,37,0,2,0,61,85,5,0,5,0,3,0,2,0,3,37,0,2,0,0,2,6,1,7,0,2,2,0,0,0,0,0,2,0,0,0,4,4,2,0,0,0,0,0,0,1,0,0,0,0,0,0,0,0,1,0,0,0,0,0,0.1825709187627761
6,L380,BehaviourSendPersonalConsumption,simulator.CA.BehaviourSendPersonalConsumption,L113,L103,D:\IdeaProjects\10_water-simulator\src\main\java\simulator\CA\BehaviourSendPersonalConsumption.java,23,1,62,4,0.0,0,0,0,0.0,,0,0,1,2,2,5,4,1,1,2,4,0.333333,0.297297,11,6,1,2,0.297297,11,1,1,0,0,1,26,40,6,0,2,0,2,0,2,0,2,16,4,2,0,26,40,6,0,2,0,2,0,2,0,2,16,4,2,0,0,0,7,2,1,0,0,0,0,0,0,0,0,0,0,0,0,1,5,0,0,0,0,0,0,0,2,0,0,0,0,0,0,0,0,0,2,0,0,0,0,0.32347166663901256
7,L138,ConsumerAgent,simulator.CA.ConsumerAgent,L113,L103,D:\IdeaProjects\10_water-simulator\src\main\java\simulator\CA\ConsumerAgent.java,41,1,717,2,0.0143655,1,1,1,0.0177253,,12,0,2,6,6,74,23,9,8,34,47,0.666667,0.205761,100,54,2,1,0.216783,124,0,0,0,0,0,386,597,20,2,20,2,13,2,2,0,13,272,2,2,0,448,677,25,2,25,2,18,2,5,0,18,304,2,5,0,0,4,70,11,55,0,5,19,0,14,0,1,0,9,4,3,0,10,32,2,0,0,0,0,0,10,5,0,0,0,0,0,0,4,4,1,11,4,2,2,2,0.11732943629657903
8,L998,MetOfficeAgent,simulator.MOA.MetOfficeAgent,L995,L103,D:\IdeaProjects\10_water-simulator\src\main\java\simulator\MOA\MetOfficeAgent.java,40,1,342,2,0.08,1,6,2,0.0726073,,22,0,1,3,3,19,4,1,1,5,11,0.5,0.394737,45,39,1,1,0.359551,96,1,1,0,0,1,69,156,12,0,8,0,6,0,1,0,6,41,4,1,0,171,303,17,2,13,2,12,0,4,0,12,93,4,4,0,0,4,32,7,15,0,0,1,0,14,0,0,0,2,3,0,0,9,12,0,0,0,0,0,0,3,3,0,0,0,0,0,0,0,5,0,4,0,1,1,0,0.3589474469764814
9,L200,AskWeightsFor,simulator.ontology.AskWeightsFor,L1116,L103,D:\IdeaProjects\10_water-simulator\src\main\java\simulator\ontology\AskWeightsFor.java,14,1,30,2,0.0,0,0,0,0.0,,0,0,1,0,0,8,2,4,3,0,8,0.111111,0.333333,6,6,1,8,0.333333,6,0,0,0,0,0,12,17,2,3,2,3,8,0,8,2,8,8,0,8,2,12,17,2,3,2,3,8,0,8,2,8,8,0,8,2,0,0,17,0,1,0,0,0,0,0,0,0,0,0,0,0,0,1,17,0,0,0,0,0,0,0,0,0,0,0,0,0,0,0,0,0,0,0,0,0,0,0.7400789442222724
10,L281,Consumes,simulator.ontology.Consumes,L1116,L103,D:\IdeaProjects\10_water-simulator\src\main\java\simulator\ontology\Consumes.java,14,1,40,2,0.0,0,0,0,0.0,,0,0,1,0,0,12,4,5,6,0,12,0.0769231,0.307692,8,8,1,12,0.307692,8,0,0,0,0,0,18,27,4,5,4,5,12,0,12,4,12,12,0,12,4,18,27,4,5,4,5,12,0,12,4,12,12,0,12,4,0,0,25,0,3,0,0,0,0,0,0,0,0,0,0,0,0,3,25,0,0,0,0,0,0,0,0,0,0,0,0,0,0,0,0,0,0,0,0,0,0,0.7749522098510999
11,L1040,HasMetData,simulator.ontology.HasMetData,L1116,L103,D:\IdeaProjects\10_water-simulator\src\main\java\simulator\ontology\HasMetData.java,11,1,23,2,0.0,0,0,0,0.0,,0,0,0,0,0,4,2,3,3,0,4,0.2,0.428571,6,6,1,4,0.428571,6,0,0,0,0,0,8,13,2,2,2,2,4,0,4,2,4,4,0,4,2,8,13,2,2,2,2,4,0,4,2,4,4,0,4,2,0,0,9,0,1,0,0,0,0,0,0,0,0,0,0,0,0,1,9,0,0,0,0,0,0,0,0,0,0,0,0,0,0,0,0,0,0,0,0,0,0,0.5981615595066466
12,L247,LaunchGUI,simulator.ontology.LaunchGUI,L1116,L103,D:\IdeaProjects\10_water-simulator\src\main\java\simulator\ontology\LaunchGUI.java,11,1,13,2,0.0,0,0,0,0.0,,0,0,0,0,0,0,0,5,0,0,0,1.0,0.666667,4,4,1,0,0.666667,4,0,0,0,0,0,2,3,0,0,0,0,0,0,0,0,0,0,0,0,0,2,3,0,0,0,0,0,0,0,0,0,0,0,0,0,0,0,0,0,0,0,0,0,0,0,0,0,0,0,0,0,0,0,0,0,0,0,0,0,0,0,0,0,0,0,0,0,0,0,0,0,0,0,0,0,0,0.8627970943325928
13,L533,MetData,simulator.ontology.MetData,L1116,L103,D:\IdeaProjects\10_water-simulator\src\main\java\simulator\ontology\MetData.java,11,1,23,2,0.0,0,0,0,0.0,,0,0,0,0,0,4,0,7,4,0,4,0.2,0.428571,6,6,1,4,0.428571,6,0,0,0,0,0,8,13,2,2,2,2,4,0,4,2,4,4,0,4,2,8,13,2,2,2,2,4,0,4,2,4,4,0,4,2,0,0,9,0,1,0,0,0,0,0,0,0,0,0,0,0,0,1,9,0,0,0,0,0,0,0,0,0,0,0,0,0,0,0,0,0,0,0,0,0,0,0.5941458404714575
14,L219,Parameter,simulator.ontology.Parameter,L1116,L103,D:\IdeaProjects\10_water-simulator\src\main\java\simulator\ontology\Parameter.java,11,1,23,2,0.0,0,0,0,0.0,,0,0,0,0,0,4,0,5,3,0,4,0.2,0.428571,6,6,1,4,0.428571,6,0,0,0,0,0,8,13,2,2,2,2,4,0,4,2,4,4,0,4,2,8,13,2,2,2,2,4,0,4,2,4,4,0,4,2,0,0,9,0,1,0,0,0,0,0,0,0,0,0,0,0,0,1,9,0,0,0,0,0,0,0,0,0,0,0,0,0,0,0,0,0,0,0,0,0,0,0.5907430983325861
15,L587,PriceBlock,simulator.ontology.PriceBlock,L1116,L103,D:\IdeaProjects\10_water-simulator\src\main\java\simulator\ontology\PriceBlock.java,11,1,33,2,0.0,0,0,0,0.0,,0,0,0,0,0,8,0,5,3,0,8,0.111111,0.363636,8,8,1,8,0.363636,8,0,0,0,0,0,14,23,4,4,4,4,8,0,8,4,8,8,0,8,4,14,23,4,4,4,4,8,0,8,4,8,8,0,8,4,0,0,17,0,3,0,0,0,0,0,0,0,0,0,0,0,0,3,17,0,0,0,0,0,0,0,0,0,0,0,0,0,0,0,0,0,0,0,0,0,0,0.7302399652410695
16,L305,SavePersonalData,simulator.ontology.SavePersonalData,L1116,L103,D:\IdeaProjects\10_water-simulator\src\main\java\simulator\ontology\SavePersonalData.java,11,1,18,2,0.0,0,0,0,0.0,,0,0,0,0,0,2,1,5,2,0,2,0.333333,0.5,5,5,1,2,0.5,5,0,0,0,0,0,5,8,1,1,1,1,2,0,2,1,2,2,0,2,1,5,8,1,1,1,1,2,0,2,1,2,2,0,2,1,0,0,5,0,0,0,0,0,0,0,0,0,0,0,0,0,0,0,5,0,0,0,0,0,0,0,0,0,0,0,0,0,0,0,0,0,0,0,0,0,0,0.5684009167966675
17,L308,SavingPath,simulator.ontology.SavingPath,L1116,L103,D:\IdeaProjects\10_water-simulator\src\main\java\simulator\ontology\SavingPath.java,11,1,18,2,0.0,0,0,0,0.0,,0,0,0,0,0,2,0,4,2,0,2,0.333333,0.5,5,5,1,2,0.5,5,0,0,0,0,0,5,8,1,1,1,1,2,0,2,1,2,2,0,2,1,5,8,1,1,1,1,2,0,2,1,2,2,0,2,1,0,0,5,0,0,0,0,0,0,0,0,0,0,0,0,0,0,0,5,0,0,0,0,0,0,0,0,0,0,0,0,0,0,0,0,0,0,0,0,0,0,0.5887299773353735
18,L1242,Start,simulator.ontology.Start,L1116,L103,D:\IdeaProjects\10_water-simulator\src\main\java\simulator\ontology\Start.java,11,1,18,2,0.0,0,0,0,0.0,,0,0,0,0,0,2,1,3,2,0,2,0.333333,0.5,5,5,1,2,0.5,5,0,0,0,0,0,5,8,1,1,1,1,2,0,2,1,2,2,0,2,1,5,8,1,1,1,1,2,0,2,1,2,2,0,2,1,0,0,5,0,0,0,0,0,0,0,0,0,0,0,0,0,0,0,5,0,0,0,0,0,0,0,0,0,0,0,0,0,0,0,0,0,0,0,0,0,0,0.5899333501130493
19,L205,StepAttr,simulator.ontology.StepAttr,L1116,L103,D:\IdeaProjects\10_water-simulator\src\main\java\simulator\ontology\StepAttr.java,11,1,18,2,0.0,0,0,0,0.0,,0,0,0,0,0,2,0,15,10,0,2,0.333333,0.5,5,5,1,2,0.5,5,0,0,0,0,0,5,8,1,1,1,1,2,0,2,1,2,2,0,2,1,5,8,1,1,1,1,2,0,2,1,2,2,0,2,1,0,0,5,0,0,0,0,0,0,0,0,0,0,0,0,0,0,0,5,0,0,0,0,0,0,0,0,0,0,0,0,0,0,0,0,0,0,0,0,0,0,0.6090945851804336
20,L1256,StepTotalConsumption,simulator.ontology.StepTotalConsumption,L1116,L103,D:\IdeaProjects\10_water-simulator\src\main\java\simulator\ontology\StepTotalConsumption.java,14,1,35,2,0.0,0,0,0,0.0,,0,0,1,0,0,10,3,3,2,0,10,0.0909091,0.318182,7,7,1,10,0.318182,7,0,0,0,0,0,15,22,3,4,3,4,10,0,10,3,10,10,0,10,3,15,22,3,4,3,4,10,0,10,3,10,10,0,10,3,0,0,21,0,2,0,0,0,0,0,0,0,0,0,0,0,0,2,21,0,0,0,0,0,0,0,0,0,0,0,0,0,0,0,0,0,0,0,0,0,0,0.794976713580889
21,L389,WaterConsumption,simulator.ontology.WaterConsumption,L1116,L103,D:\IdeaProjects\10_water-simulator\src\main\java\simulator\ontology\WaterConsumption.java,11,1,18,2,0.0,0,0,0,0.0,,0,0,0,0,0,2,0,7,4,0,2,0.333333,0.5,5,5,1,2,0.5,5,0,0,0,0,0,5,8,1,1,1,1,2,0,2,1,2,2,0,2,1,5,8,1,1,1,1,2,0,2,1,2,2,0,2,1,0,0,5,0,0,0,0,0,0,0,0,0,0,0,0,0,0,0,5,0,0,0,0,0,0,0,0,0,0,0,0,0,0,0,0,0,0,0,0,0,0,0.5507822588776226
22,L406,WDS_Ontology,simulator.ontology.WDS_Ontology,L1116,L103,D:\IdeaProjects\10_water-simulator\src\main\java\simulator\ontology\WDS_Ontology.java,13,1,147,2,0.214984,2,4,4,0.185185,,25,0,0,1,1,3,13,4,4,0,2,0.5,0.290323,36,10,1,1,0.290323,36,0,0,0,0,0,88,135,39,1,39,1,2,38,1,0,2,54,38,1,0,88,135,39,1,39,1,2,38,1,0,2,54,38,1,0,0,0,21,2,38,0,0,0,0,9,0,0,0,0,0,1,0,38,3,0,0,0,0,0,0,0,1,0,0,0,0,0,0,0,0,0,8,1,0,0,0,0.31752707246945994
23,L1384,GaussGenerator,simulator.SA.GaussGenerator,L1379,L103,D:\IdeaProjects\10_water-simulator\src\main\java\simulator\SA\GaussGenerator.java,14,1,36,2,0.0,0,0,0,0.0,,0,0,0,0,0,2,0,1,1,0,2,1.0,0.347826,8,6,1,0,0.347826,8,0,0,0,0,0,15,23,4,1,4,1,2,0,0,0,2,5,0,0,0,15,23,4,1,4,1,2,0,0,0,2,5,0,0,0,0,0,4,1,6,0,0,0,0,0,0,0,0,0,4,0,0,0,4,0,0,0,0,0,0,2,1,0,0,0,0,0,0,0,0,0,0,0,0,0,0,0.6369850668765551
24,L1407,GridGenerator,simulator.SA.GridGenerator,L1379,L103,D:\IdeaProjects\10_water-simulator\src\main\java\simulator\SA\GridGenerator.java,16,1,125,2,0.0,0,0,0,0.0,,0,0,1,4,4,16,1,1,1,4,9,1.0,0.355556,32,26,1,0,0.355556,32,0,0,0,0,0,58,110,3,2,3,2,5,0,0,0,5,42,0,0,0,58,110,3,2,3,2,5,0,0,0,5,42,0,0,0,0,0,6,4,12,0,0,0,0,0,0,0,0,2,6,0,0,3,4,0,0,0,0,0,0,0,0,0,0,0,0,0,0,1,3,0,0,0,0,3,0,0.46178278310102105
25,L1520,SimulationAgent,simulator.SA.SimulationAgent,L1379,L103,D:\IdeaProjects\10_water-simulator\src\main\java\simulator\SA\SimulationAgent.java,76,1,935,2,0.057388,1,4,2,0.0255814,,22,0,1,4,4,75,22,15,1,41,54,1.0,0.169524,89,39,1,0,0.20927,149,0,0,0,0,0,436,666,41,0,41,0,13,17,0,1,13,335,17,0,1,563,860,54,0,50,0,22,17,8,1,22,408,21,8,1,0,2,77,10,33,0,3,14,0,10,0,0,0,4,1,4,0,9,41,1,0,0,0,0,0,1,2,0,0,0,0,0,0,0,8,0,18,3,2,2,1,0.1000373785135249
26,L413,ConsumerAttributes,simulator.util.ConsumerAttributes,L3828,L103,D:\IdeaProjects\10_water-simulator\src\main\java\simulator\util\ConsumerAttributes.java,15,1,90,2,0.0,0,0,0,0.0,,0,0,0,0,0,12,0,10,14,0,12,1.0,0.7375,59,58,13,0,0.7375,59,0,0,0,0,0,21,76,5,5,5,5,12,0,12,5,12,13,0,12,5,21,76,5,5,5,5,12,0,12,5,12,13,0,12,5,0,0,0,0,1,0,0,0,0,0,0,0,0,0,0,0,0,1,0,0,0,0,0,0,0,0,0,0,0,0,0,0,0,0,0,0,0,0,0,0,0,0.7924788340245679
27,L1532,ConsumerType,simulator.util.ConsumerType,L3828,L103,D:\IdeaProjects\10_water-simulator\src\main\java\simulator\util\ConsumerType.java,17,1,91,2,0.0,0,0,0,0.0,,0,0,0,0,0,8,0,6,10,0,8,1.0,0.589041,43,43,9,0,0.589041,43,0,0,0,0,0,30,75,4,3,4,3,8,0,8,3,8,8,0,8,3,30,75,4,3,4,3,8,0,8,3,8,8,0,8,3,0,0,0,0,1,0,0,0,0,0,0,0,0,0,0,0,0,1,0,0,0,0,0,0,0,0,0,0,0,0,0,0,0,0,0,0,0,0,0,0,0,0.732571325286543
28,L3472,Discrete,simulator.util.Discrete,L3828,L103,D:\IdeaProjects\10_water-simulator\src\main\java\simulator\util\Discrete.java,12,1,70,2,0.0,0,0,0,0.0,,0,0,1,4,4,10,2,1,0,3,7,0.2,0.150943,8,7,1,4,0.150943,8,1,1,0,0,1,45,59,7,3,4,0,4,0,4,0,14,27,0,13,4,45,59,7,3,4,0,4,0,4,0,14,27,0,13,4,0,2,13,2,6,0,0,3,0,0,0,0,0,2,0,0,0,4,11,0,0,0,0,0,0,0,0,0,0,0,0,0,0,0,1,0,0,2,0,0,0,0.3335154745766011
29,L1514,Function,simulator.util.Function,L3828,L103,D:\IdeaProjects\10_water-simulator\src\main\java\simulator\util\Function.java,20,1,184,2,0.0,0,0,0,0.0,,0,0,1,0,0,13,1,15,21,0,13,1.0,0.76087,70,70,13,0,0.740506,117,0,0,5,5,0,22,101,3,3,3,3,13,0,12,4,13,10,0,12,4,41,165,8,6,8,6,22,0,19,7,22,21,0,19,7,0,0,0,2,6,0,1,0,0,0,0,0,0,0,0,0,0,2,0,0,0,1,0,0,0,0,0,0,0,0,0,0,0,1,1,0,0,0,0,2,0,0.8330953002546299
30,L3463,Linear,simulator.util.Linear,L3828,L103,D:\IdeaProjects\10_water-simulator\src\main\java\simulator\util\Linear.java,13,1,48,2,0.0,0,0,0,0.0,,0,0,2,0,0,5,2,1,0,4,9,0.166667,0.235294,8,8,1,5,0.235294,8,1,1,0,0,1,26,36,6,3,3,0,5,0,5,0,15,13,0,14,4,26,36,6,3,3,0,5,0,5,0,15,13,0,14,4,0,0,14,0,4,0,0,0,0,0,0,1,0,0,0,0,0,4,13,0,0,0,0,0,0,0,0,0,0,0,0,0,0,0,0,0,0,0,0,0,0,0.5227437174629562
31,L3480,MetDataFunction,simulator.util.MetDataFunction,L3828,L103,D:\IdeaProjects\10_water-simulator\src\main\java\simulator\util\MetDataFunction.java,12,1,38,2,0.0,0,0,0,0.0,,0,0,2,0,0,4,2,1,0,4,8,0.2,0.28,7,7,1,4,0.28,7,1,1,0,0,1,18,27,5,3,2,0,4,0,4,0,14,8,0,13,4,18,27,5,3,2,0,4,0,4,0,14,8,0,13,4,0,0,10,0,3,0,0,0,0,0,0,1,0,0,0,0,0,3,9,0,0,0,0,0,0,0,0,0,0,0,0,0,0,0,0,0,0,0,0,0,0,0.5769139463051577
32,L143,ParameterAttributes,simulator.util.ParameterAttributes,L3828,L103,D:\IdeaProjects\10_water-simulator\src\main\java\simulator\util\ParameterAttributes.java,24,1,149,2,0.0,0,0,0,0.0,,0,0,1,2,2,17,1,8,15,2,17,0.9375,0.64,80,80,15,1,0.64,80,0,0,0,0,0,45,126,9,5,9,5,15,0,15,6,15,21,0,15,6,45,126,9,5,9,5,15,0,15,6,15,21,0,15,6,0,0,6,0,4,0,1,0,0,0,0,0,0,0,0,0,0,1,3,0,0,0,0,0,0,0,1,0,0,0,0,0,0,1,0,0,3,0,0,0,0,0.7795259545915206
33,L3476,Raise,simulator.util.Raise,L3828,L103,D:\IdeaProjects\10_water-simulator\src\main\java\simulator\util\Raise.java,11,1,46,2,0.0,0,0,0,0.0,,0,0,2,1,1,6,2,1,0,3,7,0.2,0.21875,7,7,1,4,0.21875,7,1,1,0,0,1,25,36,6,3,3,0,4,0,4,0,14,18,0,13,4,25,36,6,3,3,0,4,0,4,0,14,18,0,13,4,0,0,12,0,4,0,0,2,0,0,0,1,0,0,0,0,0,2,11,0,0,0,0,0,0,0,0,0,0,0,0,0,0,0,0,0,0,0,0,0,0,0.5139150377450153
34,L3467,Random,simulator.util.Random,L3828,L103,D:\IdeaProjects\10_water-simulator\src\main\java\simulator\util\Random.java,13,1,72,2,0.0,0,0,0,0.0,,0,0,2,3,3,13,2,1,0,4,10,0.142857,0.163636,9,7,1,6,0.163636,9,1,1,0,0,1,46,60,7,3,4,0,6,0,6,1,16,30,0,15,5,46,60,7,3,4,0,6,0,6,1,16,30,0,15,5,0,0,16,0,6,0,0,3,0,0,0,1,0,0,0,0,0,2,15,0,0,0,0,0,0,0,0,0,0,0,0,0,0,0,1,0,0,0,0,0,0,0.51390872057686
35,L4106,BehaviourMetDataQuery,simulator.WSA.BehaviourMetDataQuery,L4100,L103,D:\IdeaProjects\10_water-simulator\src\main\java\simulator\WSA\BehaviourMetDataQuery.java,32,1,109,2,0.0,0,0,0,0.0,,0,0,2,2,2,14,5,1,1,8,17,0.5,0.267606,19,10,1,1,0.267606,19,1,1,0,0,1,52,78,7,0,3,0,9,0,1,0,9,33,4,1,0,52,78,7,0,3,0,9,0,1,0,9,33,4,1,0,0,0,20,5,4,0,0,0,0,0,0,1,0,0,0,0,0,2,17,0,0,0,0,0,0,0,5,0,0,0,0,0,0,0,1,0,2,0,0,1,0,0.37963715643235946
36,L4153,BehaviourQueryConsumers,simulator.WSA.BehaviourQueryConsumers,L4100,L103,D:\IdeaProjects\10_water-simulator\src\main\java\simulator\WSA\BehaviourQueryConsumers.java,35,1,343,2,0.0596026,1,2,2,0.0647249,,20,0,4,4,4,39,9,1,1,20,37,0.5,0.262548,68,25,1,1,0.262548,68,1,1,0,0,1,191,309,22,0,18,0,17,0,1,0,17,137,4,1,0,191,309,22,0,18,0,17,0,1,0,17,137,4,1,0,0,1,46,20,32,0,0,4,0,10,0,1,0,2,0,0,0,23,27,0,0,0,0,0,0,5,8,0,0,0,0,0,0,3,2,1,6,0,1,6,0,0.19892705738666447
37,L4269,BehaviourWaitStartStep,simulator.WSA.BehaviourWaitStartStep,L4100,L103,D:\IdeaProjects\10_water-simulator\src\main\java\simulator\WSA\BehaviourWaitStartStep.java,22,1,60,2,0.0,0,0,0,0.0,,0,0,1,2,2,6,4,1,1,2,4,0.333333,0.214286,9,8,1,2,0.214286,9,1,1,0,0,1,33,39,6,0,2,0,2,0,2,0,2,14,4,2,0,33,39,6,0,2,0,2,0,2,0,2,14,4,2,0,0,0,9,4,1,0,0,0,0,0,0,0,0,0,0,0,0,1,7,0,0,0,0,0,0,0,3,0,0,0,0,0,0,0,0,0,2,1,0,0,0,0.3422920512085051
38,L4113,WaterSupplierAgent,simulator.WSA.WaterSupplierAgent,L4100,L103,D:\IdeaProjects\10_water-simulator\src\main\java\simulator\WSA\WaterSupplierAgent.java,28,1,137,2,0.125436,1,1,1,0.1,,11,0,2,1,1,5,6,3,12,4,8,0.5,0.420455,37,31,1,1,0.393617,37,1,1,0,0,1,51,103,15,0,11,0,4,0,1,0,4,28,4,1,0,57,110,16,0,12,0,5,0,2,0,5,31,4,2,0,0,0,27,1,1,0,0,1,0,14,0,1,0,0,0,0,0,0,8,0,0,0,0,0,0,0,0,0,0,0,0,0,0,0,0,0,4,0,0,1,0,0.4380599615875937
39,L477,ConsumerAgent$MatchNeighbourhood,simulator.CA.ConsumerAgent$MatchNeighbourhood,L138,L103,D:\IdeaProjects\10_water-simulator\src\main\java\simulator\CA\ConsumerAgent.java,503,2,529,3,0.0,0,0,0,0.0,,0,0,1,2,2,5,1,1,1,1,3,1.0,0.37931,11,11,2,0,0.37931,11,0,0,0,0,0,18,27,2,0,2,0,2,0,1,0,2,9,0,1,0,18,27,2,0,2,0,2,0,1,0,2,9,0,1,0,0,0,2,1,3,0,0,1,0,0,0,0,0,0,1,0,0,1,2,0,0,0,0,0,0,0,0,0,0,0,0,0,0,0,0,1,0,0,0,0,0,0.38021038982927063
40,L450,ConsumerAgent$MatchRequestContent,simulator.CA.ConsumerAgent$MatchRequestContent,L138,L103,D:\IdeaProjects\10_water-simulator\src\main\java\simulator\CA\ConsumerAgent.java,541,2,586,3,0.0,0,0,0,0.0,,0,0,1,4,4,12,3,1,1,0,2,1.0,0.254902,13,12,2,0,0.254902,13,0,0,0,0,0,38,46,2,0,2,0,2,0,1,0,2,20,0,1,0,38,46,2,0,2,0,2,0,1,0,2,20,0,1,0,0,0,6,1,5,0,0,4,0,0,0,0,0,2,1,0,0,0,4,0,0,0,0,0,0,0,0,0,0,0,0,0,0,0,0,0,0,1,0,0,0,0.21333192964237174
41,L443,ConsumerGUI,simulator.CA.gui.ConsumerGUI,L672,L103,D:\IdeaProjects\10_water-simulator\src\main\java\simulator\CA\gui\ConsumerGUI.java,51,1,402,2,0.140118,3,7,3,0.116477,,41,0,1,5,4,27,5,2,3,5,11,0.5,0.240664,58,25,3,3,0.236486,70,0,0,0,0,0,183,300,22,0,22,0,6,0,5,0,6,126,0,5,0,226,352,25,4,25,4,15,0,14,1,15,150,0,14,1,0,1,53,2,44,0,0,7,0,7,0,1,0,3,0,0,0,35,35,0,0,0,0,0,0,0,0,0,0,0,0,0,0,0,2,1,7,0,1,1,0,0.3020929089316329
42,L1021,MetOfficeAgent$BehaviourReplyMetDataQuery,simulator.MOA.MetOfficeAgent$BehaviourReplyMetDataQuery,L998,L103,D:\IdeaProjects\10_water-simulator\src\main\java\simulator\MOA\MetOfficeAgent.java,86,5,214,6,0.204082,1,6,2,0.170543,,22,0,1,4,4,16,4,1,1,7,10,1.0,0.28125,36,10,2,0,0.28125,36,0,0,0,0,0,92,129,3,0,3,0,3,0,1,0,3,48,0,1,0,92,129,3,0,3,0,3,0,1,0,3,48,0,1,0,0,2,18,2,3,0,0,0,0,12,0,0,0,2,2,0,0,2,4,0,0,0,0,0,0,0,2,0,0,0,0,0,0,0,1,0,0,0,0,0,0,0.22010104516215306
43,L1073,MetOfficeAgent$FileData,simulator.MOA.MetOfficeAgent$FileData,L998,L103,D:\IdeaProjects\10_water-simulator\src\main\java\simulator\MOA\MetOfficeAgent.java,322,5,339,6,0.0,0,0,0,0.0,,0,0,0,0,0,3,0,1,3,0,3,0.666667,0.6,15,12,2,1,0.6,15,0,0,0,0,0,10,18,2,2,2,2,3,0,2,0,3,4,0,2,0,10,18,2,2,2,2,3,0,2,0,3,4,0,2,0,0,0,3,0,2,0,0,0,0,0,0,0,0,0,0,0,0,2,3,0,0,0,0,0,0,0,0,0,0,0,0,0,0,0,0,0,0,0,0,0,0,0.5208330908942452
44,L1457,AboutFrame,simulator.SA.gui.AboutFrame,L1447,L103,D:\IdeaProjects\10_water-simulator\src\main\java\simulator\SA\gui\AboutFrame.java,17,1,89,2,0.0,0,0,0,0.0,,0,0,0,0,0,1,0,1,1,0,1,1.0,0.210526,16,6,2,0,0.210526,16,0,0,0,0,0,60,73,4,0,4,0,1,0,1,0,1,12,0,1,0,60,73,4,0,4,0,1,0,1,0,1,12,0,1,0,0,0,2,0,4,0,0,0,0,0,0,0,0,0,1,0,0,1,2,0,0,0,0,0,0,0,0,0,0,0,0,0,0,2,0,0,0,0,0,0,0,0.8350474911015222
45,L1503,DemandCurveParameterFrame,simulator.SA.gui.DemandCurveParameterFrame,L1447,L103,D:\IdeaProjects\10_water-simulator\src\main\java\simulator\SA\gui\DemandCurveParameterFrame.java,40,1,618,2,0.0649038,1,3,1,0.0224525,,13,0,1,2,2,26,7,3,3,12,18,1.0,0.121622,36,30,2,0,0.125,42,0,0,0,0,0,260,544,32,0,32,0,6,0,1,0,6,99,0,1,0,294,579,32,0,32,0,8,0,3,0,8,117,0,3,0,0,2,32,7,55,0,0,5,0,6,0,0,0,0,0,0,0,47,22,0,0,0,0,0,0,0,1,0,0,0,0,0,0,0,3,1,4,0,5,2,0,0.2866512111463816
46,L1816,PricingPolicyFrame,simulator.SA.gui.PricingPolicyFrame,L1447,L103,D:\IdeaProjects\10_water-simulator\src\main\java\simulator\SA\gui\PricingPolicyFrame.java,38,1,380,2,0.108635,1,4,1,0.058309,,20,0,1,2,2,9,1,1,2,0,3,1.0,0.166667,38,35,2,0,0.154762,39,0,0,0,0,0,190,313,37,0,37,0,3,0,1,1,3,36,0,1,1,213,343,40,4,40,4,9,0,7,2,9,45,0,7,2,0,2,32,8,74,0,0,5,0,7,0,0,0,0,0,0,0,63,21,0,0,0,0,0,0,0,0,0,0,0,0,0,0,7,3,1,4,2,0,3,0,0.37626144295538794
47,L1999,ProgressGui,simulator.SA.gui.ProgressGui,L1447,L103,D:\IdeaProjects\10_water-simulator\src\main\java\simulator\SA\gui\ProgressGui.java,31,1,315,2,0.0,0,0,0,0.0,,0,0,1,1,1,10,4,6,5,1,9,0.375,0.235714,33,12,3,5,0.204545,45,0,0,0,0,0,107,188,21,0,21,0,8,0,7,0,8,68,0,7,0,175,285,31,0,31,0,16,0,15,0,16,115,0,15,0,0,0,44,9,35,0,0,4,0,0,0,1,0,0,0,0,0,31,37,0,0,1,0,0,0,0,1,0,0,0,0,0,0,0,0,3,6,2,0,2,0,0.17436572861294472
48,L2214,ReviewGUI,simulator.SA.gui.ReviewGUI,L1447,L103,D:\IdeaProjects\10_water-simulator\src\main\java\simulator\SA\gui\ReviewGUI.java,26,1,492,2,0.0,0,0,0,0.0,,0,0,2,2,2,16,6,2,3,11,23,0.0833333,0.0237389,8,6,1,11,0.0266667,10,0,0,0,0,0,329,419,71,1,71,1,12,0,11,1,12,193,0,11,1,365,467,75,5,75,5,20,0,19,3,20,203,0,19,3,0,0,60,5,72,0,0,0,0,0,0,1,0,0,70,0,0,2,49,0,0,0,0,0,0,0,1,0,0,0,0,0,0,0,2,0,10,1,0,1,0,0.4861177869461666
49,L2465,ScenarioDesignWizard,simulator.SA.gui.ScenarioDesignWizard,L1447,L103,D:\IdeaProjects\10_water-simulator\src\main\java\simulator\SA\gui\ScenarioDesignWizard.java,53,1,2223,2,0.132595,4,17,4,0.0419162,,91,0,1,1,1,3,4,9,1,2,4,1.0,0.272727,18,16,3,0,0.130142,174,0,0,0,0,0,48,148,21,0,21,0,2,0,2,0,2,22,0,2,0,1163,2171,184,9,184,9,36,0,20,4,36,235,0,20,4,0,131,151,24,368,0,14,37,0,33,0,0,0,1,9,0,0,402,87,5,0,0,0,0,0,6,9,0,0,0,0,0,0,8,17,2,30,2,12,5,0,0.20570761685991948
50,L3345,SimulationParametersFrame,simulator.SA.gui.SimulationParametersFrame,L1447,L103,D:\IdeaProjects\10_water-simulator\src\main\java\simulator\SA\gui\SimulationParametersFrame.java,32,1,313,2,0.343844,1,9,1,0.177305,,50,0,1,4,3,12,1,1,2,0,3,0.5,0.106557,26,22,1,1,0.106557,26,0,0,0,0,0,218,282,26,0,26,0,3,0,1,0,3,45,0,1,0,218,282,26,0,26,0,3,0,1,0,3,45,0,1,0,0,26,23,3,51,0,1,3,0,9,0,0,0,0,0,0,0,73,9,1,0,0,0,0,0,0,0,0,0,0,0,0,0,0,2,0,5,0,1,0,0,0.1940278237650224
51,L3437,SuiteGUI,simulator.SA.gui.SuiteGUI,L1447,L103,D:\IdeaProjects\10_water-simulator\src\main\java\simulator\SA\gui\SuiteGUI.java,39,1,452,2,0.366743,6,25,11,0.309179,,128,0,1,3,2,29,9,3,8,0,7,0.5,0.11583,30,10,2,2,0.124339,47,0,0,0,0,0,229,309,25,0,25,0,7,3,3,0,7,137,3,3,0,331,414,25,0,25,0,8,3,4,0,8,206,3,4,0,0,3,56,2,26,0,0,5,0,24,0,0,0,2,0,0,0,21,20,0,0,0,0,1,0,0,1,0,0,0,0,0,0,1,0,0,10,0,1,1,0,0.36815710714516153
52,L3665,SimulationAgent$BehaviourStartSimulation,simulator.SA.SimulationAgent$BehaviourStartSimulation,L1520,L103,D:\IdeaProjects\10_water-simulator\src\main\java\simulator\SA\SimulationAgent.java,471,3,524,4,0.0,0,0,0,0.0,,0,0,1,0,0,2,3,1,1,7,9,0.5,0.351351,13,9,1,1,0.240741,13,0,0,0,0,0,24,37,2,0,2,0,2,0,1,0,2,14,0,1,0,41,54,2,0,2,0,3,0,2,0,3,27,0,2,0,0,0,11,0,1,0,0,0,0,0,0,0,0,0,0,0,0,1,11,0,0,0,0,0,0,0,0,0,0,0,0,0,0,0,0,0,0,0,0,0,0,0.18115323312724693
53,L3673,SimulationAgent$BehaviourStartSimulationStep,simulator.SA.SimulationAgent$BehaviourStartSimulationStep,L1520,L103,D:\IdeaProjects\10_water-simulator\src\main\java\simulator\SA\SimulationAgent.java,537,3,586,4,0.0,0,0,0,0.0,,0,0,1,1,1,4,4,2,2,2,4,1.0,0.4375,21,15,3,0,0.4375,21,1,1,0,0,1,27,50,7,0,3,0,2,0,2,0,2,17,4,2,0,27,50,7,0,3,0,2,0,2,0,2,17,4,2,0,0,0,2,0,2,0,0,0,0,0,0,0,0,0,0,0,0,2,0,0,0,0,0,0,0,0,0,0,0,0,0,0,0,0,0,0,2,0,0,0,0,0.33935310515042855
54,L3619,SimulationAgent$BehaviourReceiveStepResult,simulator.SA.SimulationAgent$BehaviourReceiveStepResult,L1520,L103,D:\IdeaProjects\10_water-simulator\src\main\java\simulator\SA\SimulationAgent.java,597,3,655,4,0.0,0,0,0,0.0,,0,0,1,3,3,7,6,1,1,6,8,1.0,0.272727,15,10,3,0,0.272727,15,1,1,0,0,1,40,59,6,0,2,0,2,0,2,0,2,22,4,2,0,40,59,6,0,2,0,2,0,2,0,2,22,4,2,0,0,0,6,1,4,0,0,1,0,0,0,0,0,0,0,0,0,1,4,0,0,0,0,0,0,1,1,0,0,0,0,0,0,0,0,0,2,1,0,0,0,0.24225094561174032
55,L3624,SimulationAgent$BehaviourHandleOutOfSequenceMessages,simulator.SA.SimulationAgent$BehaviourHandleOutOfSequenceMessages,L1520,L103,D:\IdeaProjects\10_water-simulator\src\main\java\simulator\SA\SimulationAgent.java,666,3,696,4,0.0,0,0,0,0.0,,0,0,1,1,1,3,3,1,1,1,3,1.0,0.366667,11,10,3,0,0.366667,11,1,1,0,0,1,19,31,6,0,2,0,2,0,2,0,2,7,4,2,0,19,31,6,0,2,0,2,0,2,0,2,7,4,2,0,0,0,6,0,3,0,0,2,0,0,0,0,0,0,0,0,0,1,4,0,0,0,0,0,0,0,0,0,0,0,0,0,0,0,0,0,2,0,0,0,0,0.46664437647016727
56,L1737,Function$FunctionConstant,simulator.util.Function$FunctionConstant,L1514,L103,D:\IdeaProjects\10_water-simulator\src\main\java\simulator\util\Function.java,120,5,183,6,0.0,0,0,0,0.0,,0,0,1,0,0,9,1,9,21,1,10,1.0,0.712121,47,47,8,0,0.712121,47,0,0,0,0,0,19,64,5,3,5,3,9,0,7,3,9,11,0,7,3,19,64,5,3,5,3,9,0,7,3,9,11,0,7,3,0,0,0,0,4,0,1,0,0,0,0,0,0,0,0,0,0,1,0,0,0,1,0,0,0,0,0,0,0,0,0,0,0,1,0,0,0,0,0,0,0,0.7222891189808085
57,L463,ConsumerAgent$1,simulator.CA.ConsumerAgent$1,L446,L103,D:\IdeaProjects\10_water-simulator\src\main\java\simulator\CA\ConsumerAgent.java,119,68,127,4,1.0,1,1,1,1.0,,9,0,1,0,0,1,0,0,0,0,1,0.0,0.0,0,0,0,2,0.0,0,0,0,0,0,0,8,9,1,0,1,0,1,0,1,0,1,3,0,1,0,8,9,1,0,1,0,1,0,1,0,1,3,0,1,0,0,0,13,0,0,0,0,0,0,8,0,0,0,0,0,0,0,0,5,0,0,0,0,0,0,0,0,0,0,0,0,0,0,0,0,0,0,0,0,0,0,0.5674802562357874
58,L762,ConsumerGUI$TableDataModel,simulator.CA.gui.ConsumerGUI$TableDataModel,L443,L103,D:\IdeaProjects\10_water-simulator\src\main\java\simulator\CA\gui\ConsumerGUI.java,281,5,317,6,0.0,0,0,0,0.0,,0,0,2,1,1,10,0,1,2,0,8,0.222222,0.261905,11,11,2,7,0.261905,11,0,0,0,0,0,31,37,3,4,3,4,8,0,8,1,8,18,0,8,1,31,37,3,4,3,4,8,0,8,1,8,18,0,8,1,0,0,18,1,5,0,0,2,0,0,0,1,0,0,0,0,0,2,17,0,0,0,0,0,0,0,0,0,0,0,0,0,0,0,1,1,0,0,0,0,0,0.6811315116399362
59,L798,ConsumerGUI$menuActionListener,simulator.CA.gui.ConsumerGUI$menuActionListener,L443,L103,D:\IdeaProjects\10_water-simulator\src\main\java\simulator\CA\gui\ConsumerGUI.java,344,5,358,6,0.0,0,0,0,0.0,,0,0,1,1,1,2,2,1,0,1,2,0.0,0.0769231,1,0,0,2,0.0769231,1,0,0,0,0,0,12,15,0,0,0,0,1,0,1,0,1,6,0,1,0,12,15,0,0,0,0,1,0,1,0,1,6,0,1,0,0,1,5,0,1,0,0,1,0,0,0,0,0,0,0,0,0,0,5,0,0,0,0,0,0,0,0,0,0,0,0,0,0,0,0,0,0,0,1,0,0,0.3018413456641044
60,L1574,DemandCurveParameterFrame$functionComboListener,simulator.SA.gui.DemandCurveParameterFrame$functionComboListener,L1503,L103,D:\IdeaProjects\10_water-simulator\src\main\java\simulator\SA\gui\DemandCurveParameterFrame.java,581,2,604,3,0.0,0,0,0,0.0,,0,0,1,3,2,5,2,1,0,2,3,0.5,0.178571,5,2,1,1,0.178571,5,0,0,0,0,0,23,24,0,0,0,0,1,0,1,0,1,13,0,1,0,23,24,0,0,0,0,1,0,1,0,1,13,0,1,0,0,0,5,0,0,0,0,0,0,0,0,0,0,0,0,0,0,0,5,0,0,0,0,0,0,0,0,0,0,0,0,0,0,0,0,0,0,0,0,0,0,0.17339852692557245
61,L1579,DemandCurveParameterFrame$socialComboListener,simulator.SA.gui.DemandCurveParameterFrame$socialComboListener,L1503,L103,D:\IdeaProjects\10_water-simulator\src\main\java\simulator\SA\gui\DemandCurveParameterFrame.java,606,2,616,3,0.0,0,0,0,0.0,,0,0,1,1,1,2,1,1,0,1,2,0.5,0.0833333,1,1,1,1,0.0833333,1,0,0,0,0,0,11,11,0,0,0,0,1,0,1,0,1,5,0,1,0,11,11,0,0,0,0,1,0,1,0,1,5,0,1,0,0,0,5,0,0,0,0,0,0,0,0,0,0,0,0,0,0,0,5,0,0,0,0,0,0,0,0,0,0,0,0,0,0,0,0,0,0,0,0,0,0,0.3243943873773227
62,L1920,PricingPolicyFrame$2,simulator.SA.gui.PricingPolicyFrame$2,L1816,L103,D:\IdeaProjects\10_water-simulator\src\main\java\simulator\SA\gui\PricingPolicyFrame.java,188,58,219,8,0.0,0,0,0,0.0,,0,0,1,1,1,8,0,0,0,0,6,0.0,0.0384615,1,0,0,7,0.0384615,1,0,0,0,0,0,25,32,3,4,3,4,6,0,6,1,6,9,0,6,1,25,32,3,4,3,4,6,0,6,1,6,9,0,6,1,0,0,13,0,1,0,0,1,0,0,0,0,0,0,0,0,0,0,13,0,0,0,0,0,0,0,0,0,0,0,0,0,0,0,0,0,0,0,0,0,0,0.6358034242197649
63,L2015,ProgressGui$GridCanvas,simulator.SA.gui.ProgressGui$GridCanvas,L1999,L103,D:\IdeaProjects\10_water-simulator\src\main\java\simulator\SA\gui\ProgressGui.java,191,3,282,4,0.0,0,0,0,0.0,,0,0,5,2,2,19,4,1,1,4,11,0.375,0.16,12,8,3,5,0.16,12,0,0,0,0,0,63,92,10,0,10,0,7,0,7,0,7,44,0,7,0,63,92,10,0,10,0,7,0,7,0,7,44,0,7,0,0,0,20,4,14,0,0,4,0,0,0,1,0,0,0,0,0,10,17,0,0,0,0,0,0,0,0,0,0,0,0,0,0,0,0,2,2,1,0,1,0,0.3430834417086728
64,L2260,ReviewGUI$PriceTableModel,simulator.SA.gui.ReviewGUI$PriceTableModel,L2214,L103,D:\IdeaProjects\10_water-simulator\src\main\java\simulator\SA\gui\ReviewGUI.java,345,2,385,3,0.0,0,0,0,0.0,,0,0,1,0,0,7,0,1,2,0,7,0.0,0.0333333,1,0,0,8,0.0333333,1,0,0,0,0,0,29,41,4,4,4,4,7,0,7,2,7,8,0,7,2,29,41,4,4,4,4,7,0,7,2,7,8,0,7,2,0,0,17,0,2,0,0,0,0,0,0,0,0,0,1,0,0,1,17,0,0,0,0,0,0,0,0,0,0,0,0,0,0,0,0,0,0,0,0,0,0,0.7203367740510099
65,L2303,ReviewGUI$CombosListener,simulator.SA.gui.ReviewGUI$CombosListener,L2214,L103,D:\IdeaProjects\10_water-simulator\src\main\java\simulator\SA\gui\ReviewGUI.java,387,2,393,3,0.0,0,0,0,0.0,,0,0,1,0,0,1,2,1,0,0,1,0.5,0.125,1,1,1,1,0.125,1,0,0,0,0,0,7,7,0,0,0,0,1,0,1,0,1,2,0,1,0,7,7,0,0,0,0,1,0,1,0,1,2,0,1,0,0,0,5,0,0,0,0,0,0,0,0,0,0,0,0,0,0,0,5,0,0,0,0,0,0,0,0,0,0,0,0,0,0,0,0,0,0,0,0,0,0,0.6434832405435347
66,L2518,ScenarioDesignWizard$Step1Frame,simulator.SA.gui.ScenarioDesignWizard$Step1Frame,L2465,L103,D:\IdeaProjects\10_water-simulator\src\main\java\simulator\SA\gui\ScenarioDesignWizard.java,119,3,383,4,0.404594,1,9,1,0.188679,,50,0,1,4,3,12,1,1,2,0,3,1.0,0.0742358,17,14,1,0,0.0742358,17,0,0,0,0,0,212,265,26,0,26,0,3,0,0,0,3,34,0,0,0,212,265,26,0,26,0,3,0,0,0,3,34,0,0,0,0,27,21,5,52,0,1,3,0,9,0,0,0,0,0,0,0,75,8,1,0,0,0,0,0,0,0,0,0,0,0,0,0,0,2,0,4,0,3,0,0,0.2661129061186711
67,L2524,ScenarioDesignWizard$Step2Frame,simulator.SA.gui.ScenarioDesignWizard$Step2Frame,L2465,L103,D:\IdeaProjects\10_water-simulator\src\main\java\simulator\SA\gui\ScenarioDesignWizard.java,391,3,749,4,0.0,0,0,0,0.0,,0,0,1,2,2,5,2,1,2,1,3,1.0,0.147929,25,25,1,0,0.14218,30,0,0,0,0,0,144,315,24,0,24,0,2,0,0,0,2,8,0,0,0,181,359,29,1,29,1,4,0,2,0,4,31,0,2,0,0,22,15,2,59,0,8,2,0,0,0,0,0,0,0,0,0,70,11,1,0,0,0,0,0,0,0,0,0,0,0,0,0,0,1,0,4,0,2,0,0,0.3320945538667513
68,L2775,ScenarioDesignWizard$Step3Frame,simulator.SA.gui.ScenarioDesignWizard$Step3Frame,L2465,L103,D:\IdeaProjects\10_water-simulator\src\main\java\simulator\SA\gui\ScenarioDesignWizard.java,758,3,1133,4,0.0,0,0,0,0.0,,0,0,1,1,1,6,2,0,2,3,5,1.0,0.177914,29,26,1,0,0.160804,32,0,0,0,0,0,134,338,19,0,19,0,2,0,0,0,2,20,0,0,0,167,376,23,1,23,1,4,0,2,0,4,39,0,2,0,0,20,14,3,61,0,1,5,0,0,0,0,0,0,2,0,0,60,11,1,0,0,0,0,0,6,6,0,0,0,0,0,0,1,2,0,3,0,1,0,0,0.32497791133653603
69,L2860,ScenarioDesignWizard$Step3_1Frame,simulator.SA.gui.ScenarioDesignWizard$Step3_1Frame,L2465,L103,D:\IdeaProjects\10_water-simulator\src\main\java\simulator\SA\gui\ScenarioDesignWizard.java,1140,3,1596,4,0.154876,1,3,1,0.02407,,11,0,1,2,1,9,4,0,3,6,8,1.0,0.134615,28,25,1,0,0.134615,28,0,0,0,0,0,180,457,26,0,26,0,2,0,0,0,2,30,0,0,0,180,457,26,0,26,0,2,0,0,0,2,30,0,0,0,0,23,17,6,67,0,0,19,0,7,0,0,0,0,0,0,0,63,6,0,0,0,0,0,0,0,2,0,0,0,0,0,0,0,6,0,4,0,6,0,0,0.36586204786438453
70,L2949,ScenarioDesignWizard$Step4Frame,simulator.SA.gui.ScenarioDesignWizard$Step4Frame,L2465,L103,D:\IdeaProjects\10_water-simulator\src\main\java\simulator\SA\gui\ScenarioDesignWizard.java,1604,3,1674,4,0.19573,1,1,1,0.140845,,10,0,1,4,3,12,3,0,2,2,4,1.0,0.126984,8,5,1,0,0.126984,8,0,0,0,0,0,55,71,1,0,1,0,2,0,0,0,2,38,0,0,0,55,71,1,0,1,0,2,0,0,0,2,38,0,0,0,0,0,12,0,3,0,1,2,0,7,0,0,0,1,0,0,0,0,4,0,0,0,0,0,0,0,0,0,0,0,0,0,0,0,0,0,0,0,0,0,0,0.37984413938337064
71,L3106,ScenarioDesignWizard$Step5Frame,simulator.SA.gui.ScenarioDesignWizard$Step5Frame,L2465,L103,D:\IdeaProjects\10_water-simulator\src\main\java\simulator\SA\gui\ScenarioDesignWizard.java,1682,3,1994,4,0.160494,1,4,1,0.0638978,,20,0,1,2,2,5,1,1,2,0,2,1.0,0.120419,23,22,1,0,0.111628,24,0,0,0,0,0,168,282,35,0,35,0,2,0,0,0,2,12,0,0,0,191,313,38,4,38,4,8,0,6,1,8,21,0,6,1,0,24,29,2,76,0,1,5,0,8,0,0,0,0,5,0,0,79,17,1,0,0,0,0,0,0,0,0,0,0,0,0,0,7,2,0,4,2,0,1,0,0.43539622808965145
72,L3250,ScenarioDesignWizard$Step6Frame,simulator.SA.gui.ScenarioDesignWizard$Step6Frame,L2465,L103,D:\IdeaProjects\10_water-simulator\src\main\java\simulator\SA\gui\ScenarioDesignWizard.java,2001,3,2162,4,0.0,0,0,0,0.0,,0,0,1,1,1,4,1,0,2,0,3,1.0,0.117188,15,15,1,0,0.117188,15,0,0,0,0,0,113,162,17,0,17,0,3,0,0,0,3,11,0,0,0,113,162,17,0,17,0,3,0,0,0,3,11,0,0,0,0,15,9,0,30,0,1,0,0,0,0,0,0,0,2,0,0,42,6,1,0,0,0,0,0,0,0,0,0,0,0,0,0,0,0,0,3,0,0,0,0,0.49764470528323346
73,L2484,ScenarioDesignWizard$Parameter,simulator.SA.gui.ScenarioDesignWizard$Parameter,L2465,L103,D:\IdeaProjects\10_water-simulator\src\main\java\simulator\SA\gui\ScenarioDesignWizard.java,2199,3,2218,4,0.0,0,0,0,0.0,,0,0,0,0,0,8,0,5,11,0,8,0.111111,0.111111,2,1,1,8,0.111111,2,0,0,0,0,0,16,20,3,3,3,3,8,0,8,3,8,9,0,8,3,16,20,3,3,3,3,8,0,8,3,8,9,0,8,3,0,0,19,0,1,0,0,0,0,0,0,0,0,0,0,0,0,1,19,0,0,0,0,0,0,0,0,0,0,0,0,0,0,0,0,0,0,0,0,0,0,0.7385025338059852
74,L3508,SuiteGUI$menuActionListener,simulator.SA.gui.SuiteGUI$menuActionListener,L3437,L103,D:\IdeaProjects\10_water-simulator\src\main\java\simulator\SA\gui\SuiteGUI.java,206,2,310,3,0.0,0,0,0,0.0,,0,0,1,2,2,19,4,1,0,5,6,0.0,0.142857,17,0,0,2,0.142857,17,0,0,0,0,0,102,105,0,0,0,0,1,0,1,0,1,69,0,1,0,102,105,0,0,0,0,1,0,1,0,1,69,0,1,0,0,2,8,0,1,0,0,1,0,0,0,0,0,1,0,0,0,1,5,0,0,0,0,1,0,0,0,0,0,0,0,0,0,0,0,0,2,0,0,0,0,0.17427797312658408
75,L2068,ProgressGui$1,simulator.SA.gui.ProgressGui$1,L2038,L103,D:\IdeaProjects\10_water-simulator\src\main\java\simulator\SA\gui\ProgressGui.java,145,55,151,11,0.0,0,0,0,0.0,,0,0,1,0,0,1,2,0,0,0,1,0.0,0.0,0,0,0,2,0.0,0,0,0,0,0,0,7,7,0,0,0,0,1,0,1,0,1,3,0,1,0,7,7,0,0,0,0,1,0,1,0,1,3,0,1,0,0,0,5,0,0,0,0,0,0,0,0,0,0,0,0,0,0,0,5,0,0,0,0,0,0,0,0,0,0,0,0,0,0,0,0,0,0,0,0,0,0,0.6508353622864881
76,L2729,ScenarioDesignWizard$Step2Frame$ListRenderer,simulator.SA.gui.ScenarioDesignWizard$Step2Frame$ListRenderer,L2524,L103,D:\IdeaProjects\10_water-simulator\src\main\java\simulator\SA\gui\ScenarioDesignWizard.java,702,7,745,8,0.0,0,0,0,0.0,,0,0,0,1,1,7,1,0,0,4,6,0.333333,0.119048,5,3,1,2,0.119048,5,0,0,0,0,0,37,44,5,1,5,1,2,0,2,0,2,23,0,2,0,37,44,5,1,5,1,2,0,2,0,2,23,0,2,0,0,0,7,0,6,0,0,0,0,0,0,0,0,0,0,0,0,5,7,0,0,0,0,0,0,0,0,0,0,0,0,0,0,0,1,0,0,0,0,0,0,0.32166874806931156
77,L2901,ScenarioDesignWizard$Step3Frame$ListRenderer,simulator.SA.gui.ScenarioDesignWizard$Step3Frame$ListRenderer,L2775,L103,D:\IdeaProjects\10_water-simulator\src\main\java\simulator\SA\gui\ScenarioDesignWizard.java,1063,7,1100,8,0.0,0,0,0,0.0,,0,0,0,1,1,7,1,0,0,2,4,0.333333,0.0833333,3,3,1,2,0.0833333,3,0,0,0,0,0,33,38,4,1,4,1,2,0,2,0,2,19,0,2,0,33,38,4,1,4,1,2,0,2,0,2,19,0,2,0,0,0,7,0,5,0,0,0,0,0,0,0,0,0,0,0,0,4,7,0,0,0,0,0,0,0,0,0,0,0,0,0,0,0,1,0,0,0,0,0,0,0.40711687937425484
78,L3183,ScenarioDesignWizard$Step5Frame$2,simulator.SA.gui.ScenarioDesignWizard$Step5Frame$2,L3106,L103,D:\IdeaProjects\10_water-simulator\src\main\java\simulator\SA\gui\ScenarioDesignWizard.java,1828,58,1860,8,0.0,0,0,0,0.0,,0,0,1,1,1,8,0,0,0,0,6,0.0,0.0384615,1,0,0,7,0.0384615,1,0,0,0,0,0,25,33,3,4,3,4,6,0,6,1,6,9,0,6,1,25,33,3,4,3,4,6,0,6,1,6,9,0,6,1,0,0,13,0,1,0,0,1,0,0,0,0,0,0,0,0,0,0,13,0,0,0,0,0,0,0,0,0,0,0,0,0,0,0,0,0,0,0,0,0,0,0.6354958473054203
79,L3727,SimulationAgent$BehaviourStartSimulation$1,simulator.SA.SimulationAgent$BehaviourStartSimulation$1,L3717,L103,D:\IdeaProjects\10_water-simulator\src\main\java\simulator\SA\SimulationAgent.java,493,76,511,14,0.0,0,0,0,0.0,,0,0,1,2,2,3,3,0,0,1,2,0.0,0.0,0,0,0,2,0.0,0,0,0,0,0,0,19,19,0,0,0,0,1,0,1,0,1,13,0,1,0,19,19,0,0,0,0,1,0,1,0,1,13,0,1,0,0,0,5,0,0,0,0,0,0,0,0,0,0,0,0,0,0,0,5,0,0,0,0,0,0,0,0,0,0,0,0,0,0,0,0,0,0,0,0,0,0,0.27155523221000244
80,L4293,WaterSupplierAgent$1,simulator.WSA.WaterSupplierAgent$1,L4290,L103,D:\IdeaProjects\10_water-simulator\src\main\java\simulator\WSA\WaterSupplierAgent.java,67,71,75,9,1.0,1,1,1,1.0,,9,0,1,0,0,1,0,0,0,0,1,0.0,0.0,0,0,0,2,0.0,0,0,0,0,0,0,8,9,1,0,1,0,1,0,1,0,1,3,0,1,0,8,9,1,0,1,0,1,0,1,0,1,3,0,1,0,0,0,13,0,0,0,0,0,0,8,0,0,0,0,0,0,0,0,5,0,0,0,0,0,0,0,0,0,0,0,0,0,0,0,0,0,0,0,0,0,0,0.5674802562357874
